asset,complete,no_data,partial_history,Total
000001.SS,32938,0,560,33498
BTC-USD,33089,0,409,33498
BZ=F,32934,0,564,33498
CL=F,32934,0,564,33498
CNY=X,32954,0,544,33498
DIA,32934,0,564,33498
DX-Y.NYB,32934,0,564,33498
ETH-USD,33089,0,409,33498
EURUSD=X,32954,0,544,33498
GC=F,32934,0,564,33498
IEF,32934,0,564,33498
INR=X,32954,0,544,33498
IWM,32934,0,564,33498
JPY=X,32954,0,544,33498
NG=F,32934,0,564,33498
QQQ,32934,0,564,33498
SI=F,32934,0,564,33498
SPY,32934,0,564,33498
TLT,32934,0,564,33498
VIX,0,33498,0,33498
^FCHI,32940,0,558,33498
^FTSE,32940,0,558,33498
^GDAXI,32940,0,558,33498
^HSI,32928,0,570,33498
^N225,32962,0,536,33498
^NSEI,32938,0,560,33498
^TNX,32728,0,770,33498
^VIX,32934,0,564,33498
